user_id,email
40be3738-31b3-422d-ba52-11dddf4e764f,zjones@example.com
862d0bf0-d432-4245-b90d-b63154d638c7,taylortina@example.org
6cfce00f-6058-49de-a3f3-cb92198c0af1,andersonstephanie@example.com
32553597-e1a8-41b9-a7e6-baf3c33c6420,cartertina@example.org
3b8c7006-4934-4464-8bfd-1bc94b637a49,josephmontes@example.net
110b2f56-e4fa-4555-b90c-1a397c248efd,ebony81@example.org
7ef62b3b-81aa-4bd5-9060-855fb92f947d,michael89@example.com
930786fb-03a8-45ba-b0b9-42160b91b7b0,dawn93@example.org
fc292b00-ebe7-4c17-821b-b09c80535e6b,milesdaniel@example.net
4d95ea2a-52d3-4da0-9a04-40bf9f8e9f4d,veronica62@example.net
f76798b3-fd99-48f4-bea6-6d06953248b5,teresajohnson@example.com
e26f755b-1675-4d4f-98a3-351d64a95e05,dhall@example.com
e231747a-4e30-49b1-89a3-bbcc8023a79b,alan69@example.org
e92707e4-525f-4e2b-8909-c7d63c6a8445,vjensen@example.net
c2e23880-59df-462c-8a3d-0a202e6e972d,sharpbobby@example.net
1241eaf7-a6a3-4ff7-b030-6313239b78de,zgriffith@example.net
0f188cee-2e16-4966-aedb-576d196dc681,hamiltoncharles@example.com
36ff26f3-57fb-4709-9367-7fedae915363,robertparsons@example.org
d02cd020-96a6-41fa-a4fd-6311a7bfb798,adamperez@example.com
db39246c-72d2-403f-95ab-0fd6443bc4ce,richardcarter@example.net
2ace964c-78e2-45de-8e2d-34001b4a92a4,jolson@example.net
08882c69-d9ee-4795-a746-f74920c38d5c,glopez@example.net
dc6cff06-e85c-4dd6-b873-2ae8e97d5ea7,destinymedina@example.com
2a3ccd80-d27a-4a1f-8c5f-423a6d2f3d85,marthahahn@example.net
5973edd3-5dec-40a4-baf8-26f888dc987d,brendan24@example.org
c1e7d20d-b184-49ac-a95b-6e3b0fe1c9a7,katherine99@example.com
87f9c8e5-6925-4397-8f3b-27c6469656d7,montoyajoseph@example.net
7f174ac9-584c-4a74-a60d-cae48276f5c0,brittneymoss@example.com
211cab70-5cdd-4a3b-ac58-8628fa1a0829,awarren@example.net
3cc46fb7-d303-4c90-80a8-db68f57c9234,kennetholson@example.org
759808e4-d19d-4af4-84ae-2558c4bd56fa,pameladeleon@example.net
c8dcaaf3-dbe4-41f6-8fc4-6ee7d026b91f,lance15@example.org
ac6dd206-eeff-4878-b30f-e02b02aecc6e,markmendez@example.net
e6f08e6e-6f9c-4957-87c5-83d61b20742c,richardjohnson@example.com
10827801-0bb1-475d-9a4a-098bf11a064d,qbrown@example.org
4b7e31c8-6346-41a1-bc38-a204a44b79ce,hollyhunt@example.org
784e8d4b-cf77-422a-a33b-22c0a4a09991,ayalalawrence@example.net
9873dada-826c-4f5d-b505-4b4a6e286e37,lcarter@example.org
34720a3e-0a78-44b2-9cce-3439e86b4ca1,foleycindy@example.org
c4914a71-f01e-4241-8018-4d967e5bac13,bdavis@example.org
2c17ef15-9606-44e6-b074-0e102bec0602,derrickyoung@example.net
3ff94bf5-9359-4e72-9bb3-02fd9981233b,iharris@example.org
7deb5a8f-6f0d-40c9-b248-b929e94efef1,raymond20@example.com
516f05d4-d678-4f30-ab8b-9fee3eb34b48,andrew59@example.com
5a28bd09-7991-4d4f-9890-f80ff45270a1,kylie89@example.com
6387774a-c7c1-4602-9972-3e78e5dec958,davidkerr@example.net
5657cca5-aa52-4bba-9ba6-05abadac820b,melissacole@example.com
2353ac00-0b69-4719-b13e-955a0cef4dec,jgibson@example.com
14d82449-dae4-4e50-ac5e-97b8242997ed,fadams@example.net
856ac4de-f422-4eb7-82c0-3b8fc99bc7a9,jonesthomas@example.com
346e9839-97d5-4b34-920a-c8010d7ae270,matthew04@example.net
a864b4b0-43b3-41ec-b831-eeb7b40a00b0,jessica41@example.com
a2d6fed4-d01d-4303-97d3-5673860f85a5,ytaylor@example.net
161b56e0-c10b-46a7-85ad-0e5631546227,paulhernandez@example.com
14a9f419-2c04-4fcc-b925-783eaf1537a1,martinezmichelle@example.com
3c991132-81d6-4ebc-bc9c-052679ab525e,lphillips@example.net
83599d03-6cad-405f-be41-455010c2536c,williamsrichard@example.net
5d156848-e4fb-4417-bbf4-3b2db789810d,gregory11@example.net
2ad205c8-e322-4541-89d3-80d74e0386da,cookmatthew@example.com
2a2e5da7-1f32-4325-8794-cf2645893cd4,katherineevans@example.com
2d0d3f62-bc76-451c-80f5-233acfa807f9,mullenjonathan@example.net
d5a9e998-9a30-4c64-9b50-1fce66bc2252,radams@example.net
e40fd99e-6c4c-478c-becc-eaf093ef7572,emilygarner@example.com
032613a7-066f-4945-92f4-f661648b3e29,iroberts@example.com
f4e33790-3bcd-4bc3-9b9d-035dd5d3df66,jackgonzalez@example.com
fc115e6f-5275-4380-bc86-7007f3056903,jonathanking@example.org
0c4b5fd4-d0ac-4cec-9771-795c940a87b3,karen43@example.net
1467832b-dba1-4730-8d6d-e75a29192198,jennifer55@example.com
280b9764-9c87-4276-81d1-de25cd15ebe0,william40@example.org
393a6d06-87dc-4a1e-8bc9-956162625c01,tylerlopez@example.com
25febd55-3480-40e2-9085-52356fa9e720,cassandrabailey@example.org
e5c52467-04c1-404e-872d-f6c667163854,gravesmicheal@example.org
8a2a6126-0b15-4a5d-9cbc-60595598cfb3,perezlisa@example.org
a70d6b2c-11e4-43a4-97c2-13852abdc186,angelaknight@example.org
164d1d77-f8f6-41bb-8c35-c7df5c9b72e2,kristinweber@example.org
73cd83c0-ae7b-4ecf-b7bd-6be971737f8d,estradaangela@example.org
5d1fe3f4-0598-4ca7-b0af-ccc4eb4e3f2a,tamara51@example.com
793507d3-693c-40e4-9cfc-35417fba78ca,diazalicia@example.com
38543547-9c6a-4398-bfd9-c3ef90513e24,snydershelley@example.org
bef09c3c-0f34-49bb-b72c-0670632e541c,denisewalters@example.org
18bf301f-8716-4a1f-8bcb-50ec0467fa57,emilyjohnson@example.net
c45ea39f-9a7b-461e-ae66-b015629612bf,teresa98@example.net
0e00541d-11a6-4ab2-b630-2d376bb8c332,timothylong@example.net
8c3daa15-0003-4fce-a302-cb5568c20145,rogerscarlos@example.org
fd00ec7d-6cee-4c1c-9e58-ca55fa944a66,liuisaiah@example.com
22ba6569-b918-44c7-926f-fb25acc74918,kflores@example.org
5c4ceaf9-6f89-456b-b54d-0b825052ccfb,jonesbenjamin@example.com
5e0d5f90-44ec-4f47-8654-4c883b2e0ee0,davidcain@example.com
2e3983d8-96c1-4fd4-bd9a-e23bab5c6432,wrightshawn@example.org
df013164-4f30-4a70-ab81-2f98fb8ff2aa,bonnie05@example.net
1a87ec59-986b-4902-8dd6-c5b00d421d53,sheenahill@example.com
3da50c0a-7993-4be0-bfb3-72f53f99017c,jeremiah25@example.net
922705ef-6da5-4eee-956e-91977717a7cd,xsmith@example.org
0ad748b1-179b-4800-85d6-69bd36194683,brian40@example.org
bb6fa079-9593-4ff8-808a-364de18c161c,edwardsarthur@example.com
21a2bb4e-54d8-45bd-bd35-17ba460f76de,thomaswilliams@example.com
782e5d42-cf67-4d5a-b1a3-82c4fea217bb,nathanielmorgan@example.net
3c7a9b8c-2dcc-49b6-9575-be4f5c911403,tara06@example.net
c42b8ee3-371e-4bc4-bd9f-219b2664cb54,lori09@example.com
e8886a1a-a291-4d71-b920-d80098eb19d4,iclark@example.org
21da886b-1030-4204-b421-1b510e30509c,connorburke@example.net
34ba1d46-6729-4e51-894b-4616d34a4778,evanslarry@example.com
b11066ed-c457-4f24-bd1a-7a20bf4ef40b,turnerkristen@example.org
c529e212-f5e9-41ca-9434-9bb4488dc462,mfreeman@example.org
1b4b5618-fe45-4d65-8e4d-d280761b8301,cmurray@example.com
2f359494-8bce-494c-949b-c0b3d240ba41,millermiranda@example.com
4f182495-975a-4a02-8b46-00495fad4fb8,ggarrison@example.com
f59785d9-73ea-4253-99b2-f04d71b35e3e,murrayalexis@example.com
2dab4dc8-709b-448b-8cc4-2b111f2c5831,grossleah@example.net
e37032ad-4f92-4caa-997a-7abce454da10,timothyoconnor@example.com
5fb23b4b-d4ce-422c-a185-f3dc84c9c853,danielle40@example.net
4033e1fa-6705-4c8a-ab73-c3e40d694123,kmarshall@example.org
3423c027-ebee-47b7-9b6b-2eb56cda92e8,chris39@example.org
6a8a381f-1491-4c4e-8c07-66b4c784e658,jimenezbryan@example.org
213d42b7-d8a8-4671-919e-d728f1fe3dc2,mcmillankenneth@example.net
c5454a4d-6f02-4f1d-8108-c81a1921b95d,garrett77@example.org
3ee30fdd-1a0c-47f0-9f18-e5cf5cea1bca,ievans@example.com
cf204cfa-8867-4558-8afa-8ea548a0e03e,tracyjones@example.com
e960c6f8-53b4-43e1-9a66-aced9436b634,gmendoza@example.org
cf1e9726-27a1-4bf2-b125-406ccf5bc83c,laura14@example.org
7668e92b-4911-4fc2-ad9d-fdba0b68a44f,nancy67@example.org
d240188d-090d-4cd7-b15e-fdf44588ef4d,andrewmcintosh@example.net
a58fa1f5-e81d-473d-8598-1cb54ec04f7e,lawrencehunt@example.com
82a4e373-2af1-4f84-8d01-d4eabb8d699a,davidmora@example.org
3bf160d5-c715-4a81-a3d8-ca4f8d595f46,tnicholson@example.net
a91d4e87-5f36-4b91-9d7e-ee3dd1ff6ca3,james27@example.net
a961d6af-47c4-4881-8208-7a9283503418,amber67@example.com
35bae738-601e-4881-a82e-c18577e66910,nicholas57@example.com
6c633acb-2ffa-4986-973f-bfd3dcd6da63,brittney94@example.org
2f63f141-631b-436b-9cd3-39d6c6acae1b,ogentry@example.com
7dfeb0fe-98b7-4619-8227-6275c6fdcdd1,reynoldsmichael@example.org
53ebe28d-cad5-4625-9b4c-7900b2772dd8,bgardner@example.com
ba73f5f4-05f5-4bd1-8ac0-2d8812893787,lopezchris@example.org
70f20cc5-45af-4c29-895a-21f47c1582de,scottkirby@example.org
3220018d-c254-45c6-9a60-282e26ff90c1,costamark@example.com
e2ab12e6-ce85-4636-b19e-3e1886657d07,jenniferwilliamson@example.net
f830a734-c909-438b-a9a4-cb68eab8ad8d,odomtroy@example.org
047d2611-4bac-45fd-bc64-19d57335deb2,alyssaponce@example.org
c89e8789-95d7-440d-b7ff-5633bea198e0,tyrone31@example.org
b192f7af-47bc-4bd5-8394-1e094579649a,melissa43@example.net
45dfce03-0f1c-4a73-bbba-9c41b2d75c80,joann03@example.net
3c0a754d-042e-4fad-83a6-6bf7b19370a3,gkramer@example.com
cd00bf22-60c4-45a4-a950-507f7fa9de80,timothy58@example.com
6fee2726-3c25-4bc7-a13a-e424c16ae670,kevinlynch@example.org
ad275105-72f6-4077-aaf7-6dad0845f6e1,calhounmary@example.net
f94481f6-35dd-4360-8452-ae9a9aad7512,jgibson@example.com
79c7c803-9352-48d3-a7e9-ffbfab9a5824,vsmith@example.org
87ad6010-5753-4aff-ae3f-d9f297c5ba60,taylorkurt@example.org
d326bcca-d2a3-4b25-a77d-95c166036b72,xsantos@example.net
a1ef2e14-81d4-4375-8f21-0dc8da5b8175,omcclure@example.org
797d1481-257c-4dec-a17c-f3d8a14e84e8,vaughandaniel@example.net
9d54a4bd-d524-49dc-b20c-adbf4f5285a1,gibsonkathryn@example.org
0a88e42f-cf5f-4ae7-9d64-e1629bce8ebc,angelahoffman@example.org
962cb252-598b-4848-aa9c-68de775b8265,murphyadam@example.com
1e9c4413-5ed3-4a07-a0dc-186609ea2ad6,vlogan@example.org
d2d2cc19-ca0c-440f-9e1e-cdbbf790cfbc,michael15@example.net
cce7b1a9-4b49-4563-94d5-e216e8a750cc,lori22@example.org
c9f75fea-688d-454f-aa23-2633505cd75f,thomasfischer@example.com
2cc8f500-5d93-44f1-9c22-37ad161b37c1,theresa44@example.net
71fa5ade-5270-43f7-9267-82dd9d8fe886,richardjenkins@example.net
c2828b77-7f0c-43bc-a608-9ee31cefe2b0,zachary55@example.com
c24d5993-2dcb-4f25-8cfe-dc68206c7fc3,walterselizabeth@example.org
24cd9ad3-a62d-4da8-9a60-50e613cb8645,contrerasana@example.net
a5161374-b449-4d47-9b34-456ee96d3423,carterbrandon@example.com
074f79dc-2cd6-4a30-bcb7-83b2b4e4c8c3,robert69@example.net
3e343fc7-a92a-4980-9961-ce72b377f9e1,annmendoza@example.org
0090e352-544b-4c73-9f84-735908ee2da0,megan69@example.net
748d2005-aca9-40d2-8347-d872e2d6ecb7,taylorcameron@example.com
56913495-631c-4ac9-aa00-82f3d2ef0eee,gonzalezjohn@example.org
a2eda725-6ebb-41b1-9c46-cfcd91c48bee,robert67@example.net
79bd8811-f9df-4e9d-b13a-7b422c1cd8a4,christopher06@example.org
56a23446-8579-4168-8e2f-93088a8f741c,robin26@example.net
fe85c940-fb6e-40d0-901c-e8b88c845680,matthew14@example.com
18a9ec50-88f5-4768-bb1c-af9be637f161,jeanrodriguez@example.net
c1df0144-795c-454f-862c-c6088060a2e1,piercebrad@example.net
deb8527f-1f46-4d48-8e20-7663bad9658a,brian45@example.com
7b5f6744-8ced-4048-91bf-7b56e3d329b1,lgarcia@example.org
57a2bd25-e01a-4ddf-9acd-18ac12506b85,james51@example.com
4789b028-d71f-4934-a117-131fad3e9f4a,rparsons@example.org
ac4ec423-4efd-4553-a5a8-e60a21533f76,robert85@example.net
744978ea-cf2b-4f6f-8180-691f5520e213,steven88@example.net
470a4e22-4143-46ec-a777-680ebae51635,thompsonkelly@example.com
8480ffeb-911e-4f19-8773-56d292c4826f,christopherclark@example.com
a7beba4a-f197-4f6f-9275-f340dcd635b6,tiffany68@example.com
07b2f7d2-b020-451e-b2a9-2d7412203573,kristen07@example.net
379ada6b-6067-49db-8a8c-7202df5eedfd,jessicawhite@example.com
e9160b5e-5e8f-4e3e-a4d6-013fe864644c,timothy64@example.com
5aacc36d-ba49-4582-8fa0-73ee21fa18d2,anita53@example.org
e59419ad-e111-4ef6-94f5-c8950f553652,levineandrew@example.net
3ec516f1-034e-49db-ac78-6a608566faa9,maryhernandez@example.net
e2fe504d-91fc-463f-bf58-0bee1c73a020,marcus02@example.org
fb046783-dded-49cd-8f7c-cda17931f53e,james55@example.org
93fe383d-6d3a-43b2-8a4c-1497360f29fc,carlosgonzales@example.com
cb5654ca-8158-44f7-9bad-3b5e4344f4e9,paynestephanie@example.org
06aa21db-0ae7-4d7c-8557-a577f404e05e,toniwells@example.com
8eed7968-aea0-4141-8270-fd84059e690e,acollier@example.net
483382fd-3ded-4112-bbe3-fad924a73b44,jeffrey16@example.com
d8fa4348-53d2-4bdb-b59c-8ed78d6979e5,lscott@example.net
22db5fae-4128-446a-a5f6-47888c7c368c,umcdonald@example.net
38a72487-a29c-4c51-8578-8b890b3f743d,rbrooks@example.org
7c085d2d-48eb-4351-86ea-88bf8a9b514e,hcopeland@example.net
08443270-e93e-425d-b24b-93bad04e4031,georgerivers@example.org
f5698696-3c64-4b3a-8eec-b528b293f9b8,martinezgeorge@example.com
c00cdfd3-9a2d-4bc9-82c6-12a83ba1643c,peter29@example.net
5b4c4d3e-7677-4ce1-87a1-5b9d2a5dbbf5,jvasquez@example.net
23735037-a451-4786-a792-3ba5d7664aa9,erikgarcia@example.net
cd5f2f73-292c-42d1-b7dc-0dde4a704af6,fschmidt@example.net
cb4478e9-b163-4339-a484-68f89ff3efa1,sandersjanet@example.com
41652d76-1168-4200-99e3-f0e20d2fd520,baustin@example.net
3dd37b1b-27a7-4091-acfc-6fbeb270464e,smithtiffany@example.com
3ca32487-1abc-47b8-b11d-2f3b9370eed6,carlos47@example.net
1b517bac-315f-40cd-aa08-558131c73711,xlittle@example.com
9684f58b-e90e-497c-804d-65cdfc166ac3,john57@example.org
69810393-4714-4811-a8c5-c6e967902b87,andersonbenjamin@example.org
22324aeb-4aec-4841-a041-8e2e38146234,tyler31@example.org
20b52a5c-b582-4293-9766-8350def786ca,tabitharuiz@example.com
9d36f20e-239a-442c-afa3-7de0e4c72c35,warrensandra@example.com
230b4cef-c4e4-4fae-a843-b562b07cd6d1,davidswanson@example.net
412bd1ce-d702-4fed-9b35-2ad2c3b07b06,stevenhowe@example.org
c0cebc78-4bd5-4088-adf9-527ed83417ab,rromero@example.net
4c5ec788-f6b0-41bc-b7f0-16df7efd4c7d,kylewright@example.com
0cb7389e-ef18-49b0-9be3-8754c1aa0561,denise72@example.com
c9a861b9-f0b1-41e4-bb89-2adf1353bd41,whitesean@example.com
82b1e5ff-b546-49c2-859d-d9770ac27b78,jacobstephenson@example.net
6df20f34-4b95-4977-8c1b-1ccc5d72a9a8,aaronstephens@example.net
0be7eca5-372f-41c5-a5ca-65500c9fdd76,william83@example.net
8c551b14-95fc-4bd5-8781-4225095ab0a6,brucegarcia@example.net
0a520088-d897-41da-bcb3-e3977cc6003f,nlee@example.com
6f52ced1-bf3e-47cd-88ed-7215dadc2721,redwards@example.org
567bdb55-08fa-49fe-bb84-01b797449802,melissa10@example.com
463a50cd-ac3a-46f3-83d7-37c0fc2a7f08,mmann@example.com
007dff22-63a1-495b-adb8-cdd32843f602,sara13@example.net
e5fd5b73-64d1-4b30-a87e-6b1be7dfd518,murraylisa@example.org
69a6fd83-05af-40e0-adb0-76af06ede6a1,smithvirginia@example.org
c1be244e-72ec-4f43-8e9c-b098dd93885d,kristina32@example.net
64b39bbc-e5f5-4684-ad7b-06256a5fdf97,evanhayes@example.com
8ea6ef84-922f-47d4-bacb-57bac0c57149,rebeccalee@example.com
a8eeafbc-f602-4474-ac75-a08cdf4430ee,imartin@example.net
051c6c12-725d-4b9d-97e4-8a7ee838afbf,lambertdavid@example.org
5e5dc0d5-7aac-48f0-9000-8f7517b372b0,oneillkristen@example.org
e088f23d-5802-496f-b12c-6b30f54fae8a,claydonald@example.org
f94f55a5-37b9-4d98-9de3-08ffb4a0dde8,joshua86@example.org
41155a86-0634-48b2-9803-82a9b87790f8,swilliams@example.org
d141b494-bf6e-4cbd-9369-a01020c517a5,wgeorge@example.org
6434859d-fd14-4c9f-8202-ec7667c12c62,greenmatthew@example.org
09cec076-41ce-4254-a2d4-511773e0bc29,tammyadams@example.com
d68442f4-5cf4-4a7a-9b41-043eec01c79d,annebeard@example.org
eca93c0a-5551-4bb2-8c72-4344c051d1c4,brycejones@example.com
7c20d503-dc16-45b5-9350-821e8a3650a3,lopezcody@example.com
5299f75e-465d-4891-8392-3e6e94df7578,gutierreznathan@example.com
aaffc0e3-c252-4a75-aa5c-5a0518bb4894,david38@example.org
d709f6e5-2a68-4043-9cfd-461846f6f917,theresa70@example.com
892fb3ae-a5ce-4132-8120-8f9db9f691d1,courtneyyoung@example.com
39fa4258-fab3-4e17-a566-e6d559c4b53a,ohernandez@example.com
6a38e064-4f75-488f-af93-83a11e0cb9d9,annadean@example.com
da1c281a-2d70-485d-8568-5c55eefce6e4,kalvarado@example.net
ae9c7e7a-fd9f-4a1b-98ca-c275bd9c42fa,michael56@example.org
659a4829-540a-419f-a0d5-04f5fad3f7ea,ylopez@example.com
f74f3bbf-5223-4dbe-b1f2-70b53dda38ee,goldensteven@example.net
ee1fd994-b200-419b-86e3-ae7630d16d23,andersonjustin@example.net
7b4631c8-64ed-4c8f-8bf6-a585b6fefdaa,alicia51@example.org
b5805c23-c9fa-4cb9-a9a6-ab3cd5717963,joseph81@example.net
45eb8076-a293-4a00-86c6-6a9370b66a44,pam09@example.net
262e461e-d8cc-4f86-ad79-c19e046fd6bf,boonebrian@example.net
d6d2870e-9059-438d-bf29-d59a56db7dea,kevinhill@example.com
a68be4ed-8c9a-46ab-aff3-837cdd76e7e9,shermanbrittany@example.com
bdd70b73-9f30-4420-b955-6933e41519a2,joe10@example.net
7a001153-6273-49bf-9136-b5e48b5d2151,xmoody@example.com
6208fb4e-8766-4974-b901-0de22aa3fd6e,hermankiara@example.com
f9b2b410-a825-4c22-9d99-ac6e0a6a9060,dixonalex@example.com
45fc6339-e750-49a6-bdc5-22b4bcf40ce6,james97@example.org
d5f92215-9523-4b43-afea-93b7e471c747,valenzuelarobert@example.org
9f746af7-431a-4cc8-8f50-0328182f419b,christinehuff@example.net
811ea7e5-3673-4faf-b430-37f626275e53,lisa97@example.com
7557596d-f400-468e-9331-b0de926d69f5,adamsshane@example.com
f5e77881-c0a7-4612-a088-bbee8262e6cf,rileyteresa@example.net
c690cab1-3fe4-4a12-9e63-e80bfa5e692d,sandersjohn@example.com
2466f818-f74a-4798-b76a-10da7dff9fbd,daniel66@example.com
ea7b2d6c-276b-40d0-9706-923bb0dff542,david15@example.org
a40ffe14-ad40-4a60-a70f-add66e340a41,livingstonrichard@example.com
2800c8f6-578c-4691-8279-fb338da752c0,salinasmichelle@example.org
12b205fa-0016-41c4-93b5-3fa9f284e073,dominguezrobert@example.org
bb4dc909-34c6-4aeb-9691-f4240b8dd51c,dwilson@example.com
8011d3fa-6627-4d48-90ce-2bde2e55b6d6,christinawilliams@example.com
d889e09b-86db-417c-9e55-7ebf54469b85,mariedickerson@example.net
9f4e5941-2e9c-4771-a157-fc5f19807e91,victor21@example.com
15795e87-14e8-459c-a05f-da1209300e23,patriciahines@example.com
d6a81222-ccf8-4a09-a549-bf2dbd5d3b07,vhill@example.com
9e4c4e11-797f-4ed0-b6da-8ef8c324c539,steven42@example.net
1981e2b6-5706-496e-bd24-5fdee016d854,david17@example.org
f9f97ec2-7a7b-475f-b76a-78f08632f6aa,xmccann@example.net
47ec2bf4-43c8-440f-ab3b-9c06a5d3a43f,rodriguezjennifer@example.com
0f101163-9350-47b9-8a5a-1c44d8617d5b,dflynn@example.org
fa01cadf-0f8c-4340-9740-2c6128f3fb8a,qwest@example.net
1496dad9-1818-4ab2-9080-30087ba3f4d0,kevin56@example.com
f86ab6f3-50cf-4981-820c-5826be26e869,xramsey@example.com
22908f35-0acc-4d54-a4f4-51b313299c24,deanwilson@example.org
e11d7c6e-1566-4022-ae7d-3a94c970d015,romerostephanie@example.net
489f8200-ffce-4074-bd05-f82cf7562abe,sarellano@example.com
7c192ba6-803c-4e14-919b-6d729e8c75af,aschmitt@example.org
bddbbd16-028e-4f00-a60a-313b9bdd993c,floreskirsten@example.net
9e6be1a2-d16d-4ea6-a417-55c2a9b2f2ee,farrellshawn@example.net
fbd3b2e8-838f-4a22-93e5-3c94a7a5cdc2,charlesklein@example.net
8d7142d7-75a7-4e95-87b1-1723e3554c7c,boydamanda@example.org
f43de19f-b643-442f-a03a-ce852588b7ff,rubenhiggins@example.net
0bd7a555-a85c-4f34-b550-e70b02f9cb1f,davidhunt@example.org
3fc26c83-c236-4bbc-afbf-6ffad0568ed0,justinodonnell@example.net
661dbd06-1ecd-4fae-af5f-44efd4baa863,oscarbright@example.com
a496c173-2596-4a61-859c-cc0224198c99,robertbryan@example.com
86050e92-6786-4935-8ded-af8d3fbc3f2d,francokyle@example.org
44753b2a-915f-4fc3-9cd4-d3a8f9cf79d7,opalmer@example.com
74ca64bb-3379-49f1-bb0e-3e3ff77bea01,hogangerald@example.org
1db83786-21d5-4863-ad4a-3fb221cf524d,sarah11@example.com
baa66b81-968a-4327-926e-bc124dd83448,markwilliams@example.org
f2e874c3-3133-469a-b4db-b550f42a2efa,joshua77@example.net
8d1f7816-b3bf-482b-97be-c82361211f98,xfields@example.net
3441e104-74c0-46e2-a3cf-138c5ce94ffb,matthewhernandez@example.com
b68b32d9-3a59-42a3-9789-693f3bbfe442,jennifer45@example.org
1bbaa359-e9bd-4f8c-89f2-f83d0bb5aea8,littlederek@example.net
9983c00c-0b2c-431b-93b7-32e0ca1df05e,joseph17@example.com
d1dc35a4-2756-4a88-bf22-2394b8b79584,pmason@example.org
562b1308-f05e-4603-9b9e-3d77e47cc494,jbrown@example.net
7dad6810-84e5-4add-87cd-bd8cf406636c,joseph06@example.org
802ef651-13f2-427c-a081-782581584008,qlopez@example.com
b5d74238-736b-4edc-a526-77028df343b1,pmanning@example.org
9cc77151-6bd0-49dc-974f-2ef4d45661bf,ulin@example.org
4da65879-83f8-44c9-8446-6461ffeb1d92,rsmith@example.net
fd185743-4d5d-4e13-9f07-568c6c892977,brandon47@example.com
767308dc-75f7-4f96-9d81-b6cab438aeb5,andrew11@example.net
a782734d-a7da-408a-b3be-9dfc108c2016,jay87@example.com
b0bafe4a-2ef2-4f97-be82-8bb347f4b298,jillian44@example.org
ff55c1d2-8fd2-4a4b-a4c6-d81342e380a0,jesse64@example.net
bcc67119-77e9-4ac3-8bf1-f99d09b2bae1,leetanner@example.net
5ae97f42-14f5-453d-911b-fe9db1a00a26,april09@example.com
1f181644-5d63-43e0-9a23-b817ac528d04,tmiller@example.net
05c16c8e-0d52-4ee8-a439-032a8bdb8663,heatherbrennan@example.com
5f8ab5ee-5c8c-48cf-8d00-f279640a8ae3,buckdaniel@example.com
b4c5779c-ee58-4119-8cd3-d8d0d57b44d6,qdeleon@example.org
08a47ae4-4db5-430e-b6be-cb7909ea23b1,torresandrea@example.net
ae267ee8-5746-48df-bc56-a69cd2242fe2,cshort@example.net
af3c4a8b-c206-4382-91ed-7ffe7fc5ba38,kwilliams@example.org
776ba3ea-ef04-457a-a11f-159ae5a8b8da,fosterrebecca@example.com
25b189f9-759f-478a-9311-42ef0f6e568d,thomasprince@example.com
683a8196-b4c0-4e1d-853b-e5b083b4f7c7,torreschristina@example.org
56dae3d9-ba45-4f97-a840-004578653865,james11@example.org
242ee38e-1490-4605-892a-4b262412826d,sheena78@example.org
6a2d9535-fc0b-440f-9e7c-be1e72ba261c,padillaamy@example.net
75becaee-6433-43e1-9280-d7c15fd22bde,stuartstacey@example.net
6b37a11c-0be4-44de-9f0c-a8c051776004,timothy08@example.net
b4f7a6f1-44f4-481d-a7d1-12e51bac0531,michael04@example.com
dc26e93a-1507-4721-97c0-59123cb80e42,chrisjones@example.org
ebefa97e-a78e-4fed-8176-f348b8bfef13,sgreen@example.net
6647f256-b735-40f9-a56d-27114786440c,gmoore@example.org
6268b6d5-b02e-4a51-b494-4a7303b6a30b,kennetheverett@example.org
e60e145d-2483-4a67-bdac-7ffe0f4da079,ashley48@example.com
af1b3093-aa81-4a1b-bf48-21752c61a098,mosborne@example.com
34766314-32d7-4aef-bb9a-078b801336be,dakotareeves@example.com
e591f173-ff54-48c0-bf9a-b928bc465b50,andrea30@example.com
5d51d52e-aed8-43cb-b2b5-1b929147c1ce,jennifer22@example.net
47d2bddf-8663-422c-b86e-28d02292f2e0,stephencummings@example.org
391bdc58-bd76-489f-b0eb-a0d7e2d7c61b,brandyrodriguez@example.net
68caf9fe-159f-4daf-b3a9-773b9eb99668,ybrandt@example.org
75edbfd6-3842-4e91-8c70-14f337bd4c0f,marshandrew@example.org
67ab2878-bd20-4f0e-ac74-5ded9e6ec2b5,zfitzgerald@example.com
72fa53b7-88a8-4057-98e1-9163aff6139c,marialopez@example.com
4731d333-1679-470b-9840-0637a3b77b8c,howardkimberly@example.org
b3ea8f8a-0f92-4ffc-99b7-10d444cfbd79,jessicadelgado@example.net
bad7669b-b862-45ae-ad61-cebd39d1dccd,george75@example.org
76803e94-6115-4f1d-9007-865a0c38482c,kennethsullivan@example.com
93ef11c9-8976-4b15-ad50-59ae31b8e299,pclark@example.com
28009274-b5fd-4c6c-9118-f0cf7dd1e5b4,robertbryant@example.net
8cf9ef37-5c0f-4d8b-aa89-44bbe26e5ac0,robertzimmerman@example.com
cd1ad294-c92f-4f7d-8b6a-e26ec908910f,mataamy@example.net
1c75b57e-2316-4018-a9f5-12709c162abf,felicia38@example.org
54304ebb-2571-4824-92d4-2299f8b8fe56,audreyrhodes@example.org
0bd22ada-1f4e-4785-bea5-c543d8a4d66e,qrodriguez@example.org
e4d4d45e-6ebd-472a-9174-17e0c0e79d2a,lisa05@example.com
cddfc333-b67e-4074-9a5a-fcfe07473c80,margaret93@example.net
4b2288f3-b21e-49d7-a2de-dfba64a3905f,april56@example.org
90686c84-1b65-484d-8547-a74d1536a1c2,breannabush@example.com
2e5afb80-5a0d-4366-a2ca-5d61dbc341c8,jenniferyoung@example.com
9fe78ea8-3c55-4dde-96bd-831c63fdbd85,cgonzales@example.com
b1962d8a-a2c7-4a03-a35b-c0fdafa0b8a2,moorekelly@example.net
503c04e7-cda3-4b06-a59e-9290b662b256,kennedywilliam@example.org
c9d452b0-a7e9-4615-bd7f-64dea565e702,david05@example.org
ab82666a-4b35-4ea0-9473-9d38afe3a808,ericreed@example.com
e305d134-fdb4-4bd7-8b02-8baafd516484,carriewilliams@example.com
554a7013-5a4a-4174-8e62-47120d3554aa,russellelizabeth@example.net
5f3130e5-694c-4082-a7ca-cc296e6bf505,guerreromarcus@example.org
1471f815-eb0b-44fa-8e99-9da544273969,carternathan@example.org
50605ac2-fbe2-4452-b310-68d2e33865b0,mcdowellelizabeth@example.net
f5ef193e-a5ef-44c9-9294-82509b85b067,huntlauren@example.com
536ef857-7ed4-4ac6-b207-5ff9577df128,msweeney@example.org
29d6316c-395d-426d-9250-c9cfb618cf57,williamsonwendy@example.net
510c4f00-03bd-444a-9118-9300c31b9d10,xcarroll@example.net
47cecb8b-f3c8-48e5-b435-c990d5147c65,joseph85@example.net
f9e81bcd-80f0-43e7-8a54-06a114ec9b6e,wking@example.net
5a01e03f-cbb5-4981-a970-d0f7e529560a,jennifermartinez@example.com
53fd1c72-3772-4c20-9f2a-1e83c87fd6f4,randy29@example.com
6a648805-c82a-4c4b-8fd5-98672e01c53a,vvilla@example.net
071c866d-4fd8-4787-9003-d7dc2c365861,kayla73@example.com
72b9e0f1-d41d-47b0-aa8d-f75e4d4baa59,tdougherty@example.net
5f378fff-6351-4d4e-89ad-a9c12aa2ec0f,kristyrodriguez@example.net
0a52e23a-c60f-4f04-be40-c10a23779bb6,samuel27@example.org
f9056736-6292-4a58-a538-c65e20f62a0f,holly28@example.org
1f3d9b9b-17ab-4f3a-9515-07c8e96efdc8,edward21@example.com
abdeb001-932e-4170-8b0f-d77bb8b93ef2,bradleytrevor@example.net
bf58231b-5b57-4de5-b6ea-da9c90699988,jmadden@example.com
33a24d7b-ba3a-4fd9-a287-85dd9fa7093b,udelacruz@example.org
893dd001-3884-4991-bb33-120d5c3d0e7d,lyonsalyssa@example.net
9d04323d-da59-4ad4-8e79-deae932858bf,mramsey@example.net
661c3d0d-3dae-4f85-a561-e620966b4098,vhatfield@example.com
9d197cd5-71bc-4558-b541-88ffa31601fb,kaiserleslie@example.org
47aea921-3282-4d81-849c-5accf921becd,smithjames@example.net
e4b80a82-2392-4d2a-948d-b3fc96275888,amy72@example.net
325e0d20-95aa-4b56-929b-0e055649438e,dustinhayes@example.org
c145ec3b-be98-47bf-a6da-6652be4786da,obailey@example.com
c7bef7b8-4ada-4286-9500-923b9a7500a4,nicholasbridges@example.org
75b8b5d8-3df1-402d-9727-8522a5644bf5,joann68@example.net
1a18afbe-281f-4969-9608-88483ff28d06,michelle62@example.org
8e2ed54d-396f-49c6-b370-586a81ef4890,zachary74@example.net
5eb95c2d-ac28-465b-a2dc-98cde95f6b0c,whitecrystal@example.com
62d003ee-bb48-4e68-8bc5-8e8b4ea0c08a,jshelton@example.net
23dc9725-ceea-4b8f-9ee1-e0d014db62be,francisco30@example.net
d058d9fc-7eee-4b8f-b7b9-13c6a419ccf4,dalvarez@example.org
8f6ddc29-d905-45a3-be69-93a41082ceb0,weaverkaren@example.com
f71a05ef-4092-4ed6-b5de-5bff4500409e,sierra25@example.com
42718ec3-6d50-43ae-8345-bd0aea55ee68,hkrause@example.org
7dac757d-c4ed-4f76-b621-a5a8c3402e2e,garysmith@example.com
fa7c25b0-89b2-4ec1-aefa-8e2f0da72ceb,uhenderson@example.net
2ba4780b-8d69-42ab-b41b-ea6700010daa,millerbradley@example.com
4959ec42-a25e-4942-bb4f-6e62ecb62b0c,cynthiahart@example.com
c5308c36-abfb-4228-8dc3-7b69662b72db,nathanchandler@example.com
e37a0255-d4d8-4b23-89f1-2b3aa44abae7,peggy65@example.com
2e0d79e2-35b3-49d4-abde-4474fb061ad7,kelly39@example.net
27c001e1-dd40-4513-b15b-52fe43046f1d,anthonythompson@example.net
89e2a739-464d-4eeb-b0fd-5bcf4d8e1f6e,april20@example.net
05e38a03-55dc-4f50-87c3-926faa63436f,blackchristopher@example.com
d8563fca-1740-4cfb-ab3e-5faa1f434e47,kellilandry@example.com
b4fd7229-5c8a-4958-aed8-1dac8e9ece2e,grayjacob@example.net
c62f9f73-9de1-4af5-bb82-4d5cb138f37e,kwalker@example.com
67ef98a9-9161-4f2e-aebe-49ef980878ba,twalker@example.org
a62a74e5-f1fe-4f67-95ff-da166e091d38,glennvaughn@example.com
1fc8974c-7b6e-42a3-b182-03e102a68ad5,bowersjustin@example.com
3eeeb274-9b01-4fb6-b6aa-a0cd0fc299e2,johnjennings@example.net
99e9991f-9054-4de5-919e-9615be4ba699,natalie63@example.com
c15aedbf-a2eb-4eb6-bccc-e664957bb524,apalmer@example.net
d08415af-b4d2-4398-9b48-765547a6164a,olsonjim@example.net
1a7d84a6-d9f1-4980-81cc-79d7b07911ef,hunternichole@example.net
7a791152-635a-4e49-aaf0-2fd755f2cf7c,lutzarthur@example.net
77e29b24-4165-499e-aad1-256381a0e89e,raguilar@example.com
f2bf5491-88ba-4ac3-8c5d-0ac060ec74fb,christopher74@example.net
22740bc3-2f3a-4126-874b-816e0959fe11,janetsmith@example.org
48263a74-b692-4ce5-9465-cc1172e6c13f,gilbertjessica@example.net
5137a9c7-be55-4618-83c7-c1b706c910bd,nashamanda@example.net
06312505-77cb-4b52-b230-e7fc4ce91b7c,jfoster@example.com
a8e3aa27-1829-4aeb-aef7-b0b283a97f75,kellyveronica@example.net
ac6e83f2-2fd4-4d10-b6f7-eff90791d07a,chernandez@example.org
21ab3160-35bd-4bcf-9152-9d695c853d12,virginiastephens@example.org
71ccb3f2-c842-480f-bf70-83c1490f5a8f,jamesjones@example.net
e1d0636a-91d2-41ab-984d-38c1d8001e80,ncastro@example.net
81b34d42-c339-46b0-b796-c1bee346fe54,evan66@example.net
136a95f7-8bbb-440c-b384-f3e72d165d47,tiffanysmith@example.com
eab6b306-67cf-4be0-9991-a21d5dfe6c68,hopkinsjane@example.net
7fb7b951-6ced-4fff-bf94-193c20b41647,stevenstracey@example.net
2162654f-0963-4132-bb3b-0838e28a5d09,jasoncohen@example.com
53c1de40-374f-4162-acf3-e2d3bfe2abf1,tshelton@example.com
70d2b2cf-7845-4833-a3a8-d76edc466f79,robinsonpatricia@example.net
f2419aad-da6f-47ac-ba7e-204b3e8d80b3,jaredgregory@example.org
5ba1f40c-1e62-4690-9520-1bbf1327cca1,leejohnny@example.org
31f8a35d-295d-4b31-84a6-de6ac7ebfb33,gonzalezamy@example.net
66201db1-54f3-4428-98f7-3fb769d724a0,berrydouglas@example.net
ff3e1b19-417c-4a8b-92b6-9480ca49fbd9,jennifer27@example.com
de990316-1e9f-4e3d-a761-04bfa7ac46d1,schroederzoe@example.com
fc627628-c5ad-4416-aff8-b66962fe8e03,avilamichael@example.net
0d678012-8b47-43a6-8b67-7c4d38cc44e0,bretthuber@example.net
aa17e50a-46a4-4c9d-8bf5-181a91afa2c8,heidibrooks@example.net
8c0332f5-de02-4882-9db0-2d88113dacde,danielbrown@example.org
13fac941-0190-4684-9c05-75eee5842a35,wrightsandra@example.org
f41848e6-98d9-4ceb-b96f-2956b3e0e35e,mark75@example.com
32a75c74-2c52-4598-a600-c69a6c95fdf4,mbrown@example.org
47edaa2b-0cf3-4c78-85cb-2314e6f9e931,jennifer41@example.org
ebe664b3-af85-4fd3-b567-30d30bf2a6a3,jo74@example.com
4e2e1843-705c-4575-a2b7-db034528e2c4,nicholaslloyd@example.com
ba86921e-a44e-4262-b27e-3d1a3456d5ec,tallen@example.org
de4a4719-95c4-4d88-801c-9a799b673c0e,teresa62@example.net
e4f051d6-c661-4d02-b5a2-65d373383f47,brianpowell@example.com
6d35a663-4196-4ea8-aaf0-246fbc234ad2,zaustin@example.com
b1e39a2d-5ec9-411e-86ff-019940d173bd,amandaalvarado@example.net
0d35dd3e-46c6-4057-92e0-87a96f967235,jordan92@example.com
bb78a854-5260-43fe-847e-33c4c7f7873b,carriemarks@example.net
fc882b6b-4c1c-4694-a99c-3c05eb90b2b9,philip99@example.net
58a06613-b660-4347-8e45-12ac8d0fc4e5,millersean@example.net
d6ccfdfd-850a-4d1e-b2e0-76e0766d221b,ryan11@example.net
0a6b67d3-0b20-4169-a371-ba98f14e7c3a,john51@example.org
3ca9e254-aa18-4ee9-b9e8-5dd5855c4a4d,jennifer86@example.com
cc59f9e1-3595-42fa-bd5a-6bf608713723,reneeharris@example.com
3394be53-5811-4704-b90f-60e7ac576f78,meadowssteven@example.com
cd361683-1c97-4bef-afbd-a1b8e25e8ea0,ecampbell@example.com
05141b18-8b31-47a7-a21c-b75a80ee4b89,watsonjennifer@example.net
0a97fd35-e3b1-441f-b31c-28123e5061e8,jnovak@example.com
899a9537-9daa-4769-a064-c22db70d48b0,danasullivan@example.com
268c848c-ef3d-4937-8c3c-834174ebd523,stacy27@example.com
4eb6811d-21ae-4788-b123-71fac48ad134,johnstonmichael@example.com
148694d4-708d-4648-a67e-7476d09ed61c,mary51@example.com
ced74b08-3964-4cbe-b6a0-3e466cb59231,williamsgregory@example.com
b5d1d464-6954-4cb6-88a2-cbd3029bba63,lopezjennifer@example.net
b1989cbc-ad81-453c-a507-e64d85ed149b,ortegajessica@example.net
83717f6d-cd85-4348-b1d4-527346aa1b00,erinzuniga@example.com
95388382-0d56-483d-88d8-c9e91a89caa2,darlenephillips@example.com
930a7506-93d7-47b4-9c8e-4ec4c57ecacd,benjaminrussell@example.com
9f289f33-cf9c-4567-917a-c5acc81b8a2c,dlam@example.org
cb0ad378-8ee8-4513-a036-66968571993d,saramccoy@example.net
c2854705-6e7d-41dd-b2e4-69bef100cfba,ericburch@example.org
5fb9f963-56a4-4dd7-ae20-ed5906633f3d,jterry@example.com
bd5d9229-175a-43e5-a834-98abbe314b5a,jbaker@example.net
1d3ac109-d542-4187-970b-e2592577f0ff,nicholasmurray@example.net
4c154e26-8614-44d9-babd-bc578e37fa82,david71@example.org
6e756125-f92c-4649-8e8f-93871c2a76c9,duncanchristine@example.org
2ee554fd-1bde-4478-b2b6-41f059572410,qbarnes@example.net
9e509366-cedf-43e8-acae-dd83170d7c32,preilly@example.net
b2444adc-4d12-4ed4-bf65-5e37403585d2,tiffany25@example.com
9d5f3e68-cf85-4b49-b9e2-50bfe953b250,yfowler@example.net
f062fb9e-812d-448d-8e47-e9683da26cee,phughes@example.net
e8d879d5-3e02-47f1-96bd-8b91822bbe70,millernicholas@example.net
fb953fab-6fcf-4cd3-9fee-bf66af05e9d7,ldyer@example.org
43c995c8-48d1-42c4-8fbd-28bbfb5aecf0,meredithbooker@example.net
8fcee266-f672-480b-be49-836ed31ff2f7,mckinneyjoshua@example.com
7aef78af-6f61-430f-bc6d-0399d4c50c1a,jacqueline49@example.com
7ae44671-91eb-437f-a7ed-a783ef990820,guerreromark@example.com
874f8f9e-9a6e-428e-ae96-74c609eca604,enelson@example.com
23f66eb6-a151-4738-a3f1-29664e695c4c,johngonzalez@example.com
072cdab2-9137-4a8b-9d04-a1fb90f2b74c,joneskatherine@example.net
f143497d-2929-44f3-aab5-08205e524fcd,meganyoung@example.net
5b3e3c66-0f83-48fb-b70f-cde81069f5ee,heather41@example.net
06ec7e0e-29fb-47bb-8310-8935921e0683,timothy16@example.com
25b302ba-0c7b-489e-913c-83c62c8b0550,akennedy@example.org
0f6deb73-a34d-4d81-bddd-202d310e4394,danny87@example.net
3f0084d8-0a6a-4c73-8f9a-3039f37bb374,jonesmargaret@example.org
0a78d280-9752-41db-9d9e-552bda95c227,angela49@example.net
aeb7d18e-6303-4935-a55f-3fbb3a561ea6,melissajoseph@example.org
c8f54464-9fd7-43af-a990-a510a1e75eec,cassiegarcia@example.com
2d8bccb2-5808-4d7d-988f-df7b21325429,brenda56@example.net
0a19e597-9528-4d55-a5b7-aa9d48a2218b,gregorydiaz@example.com
fb19251c-5e6c-471c-8637-13fd6cbfc91d,ivandiaz@example.org
92c6f386-7bf6-4096-99d4-c328ef1f6974,ochase@example.org
6b6efca5-c966-4677-bb01-ebf9083a2795,david13@example.org
0a187a94-c4a9-4726-9e7f-45b10efac584,alisha42@example.net
cb48e701-b022-4633-8c12-16816b7ce93c,rhill@example.com
272500cf-7282-4535-aead-2e2a6089820a,grayethan@example.com
2a88b048-3663-4306-a13a-7cea48f8a0ce,mmanning@example.net
3ab54fac-1cfa-4d65-9bc8-153af130b2ac,scott00@example.net
0f095e69-7d11-4656-9f5a-e6d58e470813,spalmer@example.com
b3b8ccba-ce60-48f4-9c19-257929518d44,kayla02@example.net
80a9d02f-ccad-4037-b70a-fb02bff01cfb,barry86@example.org
c058137d-1e3d-4585-99a3-32bac68a9b35,yhendricks@example.net
db8e49b7-46ce-4c1b-9f88-56e899f814ff,ncarrillo@example.org
76386935-b6b0-47bd-8272-3af8171a9354,john28@example.org
3a40ca4e-98e5-4ee7-9257-84816fe3bcb5,dmejia@example.net
eecd42e1-4445-4320-bffa-f84d2ae6f6a9,dylanmartinez@example.com
a3f71cb4-be15-4b4f-80bb-3b3ef4aa2b6a,tracyadams@example.com
7390f83a-46c9-4e3a-8daf-8e02780f5ada,bwright@example.net
57a57f44-60ac-4c96-8091-3fbff21d5f90,marcus47@example.com
4ec7f8b9-977d-49bf-b3af-240a914b2ffc,kevin23@example.com
b1f60de0-d111-4853-a2f5-bfe44c65fa87,wfernandez@example.net
2123248e-7203-48e1-bb70-62f6b383af64,williamswendy@example.net
81c7ccdd-3ff1-46a8-af38-39d05e037190,kimberly11@example.org
6a3f1c13-1ccb-4ddc-89b9-1b254ecd6a63,amber94@example.net
fc3d8b71-4c7b-4453-8a62-da99e1a6dbc1,vincent68@example.org
57b37662-3357-4439-beb2-ebc39159fdf3,kevin94@example.net
4c7eb01d-5d6b-4de3-afaa-d01421bd4001,jweaver@example.net
d94b1600-c671-427f-882d-d5be7450f06b,michaelvargas@example.net
8d16ebe8-e81b-4ef1-bcfc-f5b5cae8e128,sburns@example.com
a3497105-d611-4964-9b46-1b49e78cba2c,rodriguezjacqueline@example.net
0e69d7eb-838d-463b-8a6b-19806580f09a,nolandanielle@example.net
c6790363-8988-4a56-81bf-a5500914354c,amanda24@example.com
5e976804-bf44-4155-ac21-9b8c72ac2972,hgriffin@example.org
19beb822-8857-421d-99bb-f3721404f424,dalelandry@example.org
e8c800bc-83f0-432d-8570-2553d70da290,vernonjensen@example.com
16f32fea-9fdb-4325-aa04-7d31a645ea7a,oharris@example.com
564c214a-0e03-4cbe-abbd-40413b446a4b,mary26@example.net
5428e418-b044-49b0-aec9-d68a54116933,ricardo92@example.com
3d6943c6-9128-412b-a5e6-f8a6b4785509,erichardson@example.com
689ffda9-0735-4306-b8fc-5e34a6ff9a4b,nicholas18@example.com
a75f9786-2377-4aa4-ad3c-ef89bf337086,charles12@example.com
f5696973-7224-4d17-ab73-af3b2ae492a8,anna99@example.com
6ea6f8e7-ad28-4949-ae79-612b7236355d,rlawson@example.org
d145be79-5fea-40f6-bf40-fd5f1c110e5f,dowens@example.org
ea5cae3c-39ce-4a11-a4aa-dea6928bbf6c,westchristine@example.org
8898cd23-3bb3-4f7c-928a-f64fae9842fb,elizabeth79@example.com
75520dfd-72a1-40c3-a7e4-7d64467a0cce,ebarton@example.org
31585b17-5d3d-4f63-bfb6-3dff3603eacd,xclements@example.net
a5ba7be1-48e2-471a-92b2-1d676e967433,lmartinez@example.net
0f431041-3a3f-4876-b29a-3e8da4bbac50,kristina22@example.org
355c1975-9822-4643-9d79-868c8823024c,kurtli@example.net
76801fd9-63f4-4c21-8c36-9667361112ea,mooreemily@example.com
62c9ce79-3a52-4f45-929c-6d37fb29242e,melissabarber@example.org
dfc6f4a3-c4d3-4712-b97f-b923a3a7b3d7,wjohnson@example.net
8ed7c291-6f9a-403e-949b-7e5c39c03545,abigailperez@example.org
2e13fc59-079c-4e3c-81f1-d250187886d1,erinaustin@example.net
c118e242-964a-4c24-8187-8fad545a0fdd,chadholt@example.com
b8477722-ccbb-4e44-a6e1-f48dda56395a,dknight@example.org
2efa6ad4-6a0d-4c83-877d-65eec39b27d7,craigpotter@example.org
b613a455-6d4d-45b9-9048-3274f11b9c9b,robertsdavid@example.org
efb2dab5-610c-460b-93e2-ccb34f72b29f,johngonzalez@example.net
75e5a8a4-2355-4d60-b04d-eab239f8cb4b,ajacobs@example.net
decefecb-ea50-4862-bea9-2cb370ae1319,matthew86@example.org
2097efde-8ce9-4f7e-8291-ebd48ec64ce1,jennifer09@example.com
479e116c-ef09-4f84-ac56-c3ba670d49bb,tiffany83@example.com
4872fc53-93de-4b48-9dfa-63f4095d1c46,nicholsonbrandy@example.com
49f70bbf-6d72-4def-9189-ac832ee21639,mary39@example.com
8b4c7abd-dcaf-40b2-b470-ab8b42898286,hardinlogan@example.com
0e49f263-0fca-4696-a9d7-26f4c96cb101,blewis@example.com
5b1ecebf-bdb0-4f10-beaf-77befbb1216f,johnstondawn@example.com
12446ead-418d-41df-9683-8bbf8e86271c,wpalmer@example.com
54514284-13dd-4d3e-bfd2-135667f73699,thompsonjeffrey@example.net
223f605a-4d0a-4e68-95a8-3ac297608579,eringarcia@example.org
86e37289-3705-413f-82d5-b90ac4d6a1df,adam67@example.org
f9dc56a2-6206-4825-94ef-8c00ba31d919,omullins@example.net
a3dd50a5-4e74-4211-afec-acace8e07d25,jackayala@example.net
3217457b-0f97-4d55-b86a-dcd7d8a59130,ylowe@example.net
19da1066-05a1-4810-9a28-7e2b6c2efa2f,johncrawford@example.net
24d4a73d-930a-45b1-bea5-1bb96629cdc5,christinajones@example.net
b6e0111d-7679-45ea-a01a-06b11a83e3cb,moorepatricia@example.com
99e88208-ceea-4737-b538-359377111b1e,oross@example.org
e854fac6-dff6-447d-b52b-b44c28b0066f,thomaschris@example.com
067ed5fe-2204-4864-b4d9-5923fc7354c5,singletonholly@example.com
71b6b8a3-01cc-40ba-ae60-a37e411954dd,william44@example.net
b2f7da01-adf1-46ef-a7da-c64c8ebcdcd1,vjones@example.org
d334b102-d835-44e4-abb7-041f147de890,dillonamy@example.org
c9c8e5d8-8f49-4685-b055-a1e782cda6a2,anne15@example.com
2bd91f40-d4d6-482c-a91f-bca30db322bb,plivingston@example.org
06a59c66-e079-4ec4-b24d-23f9dde872cd,tyronerodriguez@example.net
ec40f575-e36e-47db-ad2c-c46b8a8ee85a,zavaladouglas@example.net
74eb98dc-1cba-45ee-b38d-30ed0e064eba,casedawn@example.net
e47b8877-d1f5-42c7-95ce-221b9a61ece7,wellsmegan@example.net
91e8bb51-78a3-4976-8764-6cb4a89ab802,harrisonjasmine@example.net
5175b082-f56f-424c-9c37-dbf3012ff173,ronaldchristensen@example.org
35f3b497-7c6b-4a26-bfef-188c962d3fe9,waltonbenjamin@example.net
ef7f9368-0ca0-452f-9f39-a278b783e6b6,bensonalison@example.net
0e7387fe-12dc-497c-9c2f-796711274fae,nelsonlynn@example.com
5ce60b96-b694-4040-b1d0-e2cc58ee5a6d,lori20@example.net
3af92fb4-0d9f-4846-9ef8-3c47dec7481b,kirstenfarley@example.net
e8d59910-890e-4d84-9570-de906c8d8dcf,mfoster@example.com
28c59db5-90b7-49e3-a61d-0335bb346138,tlamb@example.org
d0b2630a-c3d7-4a9e-bae2-a017e9ecf652,gnavarro@example.org
4874de46-6beb-486f-b814-d5fea18aa069,allisonclayton@example.net
b1b9dd6e-38d5-4ffa-afc0-1d8672ce54a1,mariah04@example.net
e0ace32f-0368-44c2-8998-132dcd84cfce,oyoung@example.org
061e2562-b417-43bb-9c77-b7fd09a23a3f,strongryan@example.org
4fa17757-f116-49c0-8474-67d37f1a102c,willisshawn@example.com
3e6094c7-4341-4469-990d-29a5c200818d,williamsandrea@example.net
431b33f8-e517-4c08-a383-7cad40511749,orobinson@example.net
3601ca5a-dc95-41c9-ab30-48739107f6ac,tracymcgee@example.net
471ac1e4-dcc7-41f9-9904-375d5d843410,michael81@example.com
f5c88480-04f3-4821-a750-c7a49afb3b4a,thomas88@example.net
f051eee7-476b-4214-9495-9a88bbdd0a04,dominguezchristine@example.org
9f06dc03-1902-4b2f-a68a-17467fb9f403,epayne@example.com
712c0a6c-2d2f-48db-8a2c-b56107f8604f,johnjones@example.com
24d9fe4e-94b6-4795-bbd2-ebdf825a80ca,michelle67@example.net
2bd7230e-2afd-43e4-9e7a-13eaf472f630,whitemark@example.org
2bb811e6-bcaf-4409-8bbd-74ae0b4fe7bc,tinawatson@example.net
ab5b0682-b0d0-4cf9-8a08-2ad760158466,halebrandon@example.net
dd07520c-a681-4186-af77-cd81069a968c,espinozapaul@example.org
fcf93196-ea54-4df5-9e9d-28ac2cc3cc73,ross73@example.net
350679b9-e15f-49a0-95b5-458f4486a8ea,nhubbard@example.net
32666427-8cec-4ff4-8445-0631f6f22838,wcase@example.com
2e8cf54f-77c4-4d09-ab0c-2ddfe3181424,jackson87@example.net
ae27b7d2-1d2a-41fb-85a9-8becdc3470e5,proctorian@example.org
92beadd3-259f-427b-b4ad-77f597a38800,omyers@example.net
deb02e63-c7c4-47f1-9a21-db73f8ab00fc,lcooper@example.net
ab57725a-2631-4ba2-b67e-ef75a90eb0ef,garrettjose@example.net
0c533cad-66ee-46f1-8d7b-3332ff015ac2,kathrynhanna@example.org
63cf0bad-495e-47ed-9f4c-8e7cd3f9cd13,kimberger@example.org
10bd4cff-4cea-443b-8aa4-8fb411e27561,douglasbrown@example.org
667c9278-1242-44b0-a913-ce4be05720c7,johnsonmitchell@example.net
065d654a-17db-43d3-bd19-e662cd4e2298,brandy61@example.org
52931097-e6ce-41d8-96ed-33a3a9e1c65b,evansrobert@example.com
f1e1d198-3275-440e-b0ee-e34fbca0a227,craig25@example.com
c5049990-1d28-4f5c-ace6-13755ff97bb1,audreypatel@example.org
5c116726-5e84-46d4-b1a9-4c0f03946fff,deanna45@example.org
18497f6d-ed8e-4404-bdb5-c85a54f2836a,vmcintyre@example.org
0eee3f63-2ad7-4dcd-88e0-9361cb89d860,robert66@example.net
14f23623-ae84-4eb3-9e24-e4f2985cedf7,brendajohnson@example.net
4e7937aa-0059-47ab-805e-5005a31cc543,valerie59@example.net
38bf3573-5d14-4fbe-a4ef-313fb640fbfe,igilbert@example.net
94a65ea6-388d-4d71-a823-c8092c776c86,rachel06@example.net
24eb130b-8e00-4d55-a710-e834dd400cfb,transteven@example.org
6423a36f-5fff-47bd-b05d-d58533413411,armstrongdavid@example.org
310e2462-e160-40ee-b00c-7b0d5934ef9b,cynthia38@example.org
b2d94e08-9a89-486c-96c7-9aa84032bf04,alejandra20@example.org
e3d26687-46b9-4086-b9ff-ecfb3c7b7d3b,kristen97@example.net
2b7bb113-5e8d-4e67-aabe-4f5a870aa755,carterkevin@example.com
54907aaf-6707-4620-909d-e90595549fc5,xanderson@example.org
cbbfcab8-7efb-478a-bb32-3bf6fa2aa7b6,kwaters@example.org
0f474ab6-416c-46a7-a102-714fb4e8bdb7,ramosbethany@example.com
dc627428-f4d3-4c12-a2f9-87e92381c2da,matthew95@example.org
68453c81-c973-4da6-a1d8-30eeb3ee73f8,uhodges@example.net
c62ebb8a-4902-43d3-8c63-0bdb119c809e,pnixon@example.com
c824980d-edea-42c1-bd7d-a82383bc2c2d,kenneth47@example.com
07ab5c26-a5ae-4085-8a51-14911866c399,jamescarter@example.org
7867e255-173a-4bf9-8801-f0623ea312d4,jonathanwagner@example.org
4d8d95d7-4262-42c5-a99a-8f19c90fcf2a,rsmith@example.com
8e1b19bd-aa8b-4e6e-b6f8-2079acb1de41,pcunningham@example.net
06e701cc-d445-4837-86d6-c2c673928eb5,iwatts@example.net
4f7670e9-99b1-4694-b116-eaaa39cb1a1a,rodriguezlee@example.com
b10c8b31-3227-44ac-b6db-a0632c7b66e9,connie75@example.net
b76913e0-8260-4588-91e5-153060ac66db,jgreen@example.org
2f821066-cc80-42b4-b153-a30acd9a1cd9,shawjeffrey@example.com
748d61bb-0ed9-48fc-a4b6-69c7e9069a92,alexanderlaura@example.net
71506a59-d03e-4447-8893-1fb8d3ea0fba,teresa95@example.net
0519e0a5-623a-488d-b4b9-471d8dbf5cca,roseowen@example.net
03e7b53d-2877-4ba2-bae6-55932109269f,hopkinsdaniel@example.net
5221a885-c354-4166-920e-edd3f75e3d1f,laurenross@example.com
7cafefd1-0637-4c8a-9406-39c1cd35a31b,savannah91@example.net
82fa846c-e96d-42bd-8d20-a14b60761e92,kristopherthompson@example.net
9460fae0-2b8a-4f04-adc5-854c93669d68,ronaldterry@example.org
f8b69492-c2aa-427c-acad-2ef3b7f390b8,esherman@example.com
d833f4be-f2ce-45b1-9cf1-5f66446c4588,sean25@example.com
3ee55db0-d3e9-4a24-9d8e-67be6f293d1d,brownsarah@example.com
75efcdef-1593-4a97-850c-09f683c91acd,carlos12@example.net
64011d08-41c7-432a-8505-a8b1c61f569f,scott50@example.net
91553375-f6fd-4d38-8d04-a2bdd9ebd137,gloria89@example.com
7267554d-6aff-40c0-ab69-62e4aa38f2cc,gmercer@example.net
459957e5-494b-4173-9a1b-5d15b3de2916,gonzalesbrian@example.com
60bbef53-19a1-4e8b-be45-73fb45fbe72a,williamsjeanne@example.net
05a9978e-0428-417a-a5c5-673036e56e85,amandasmith@example.net
1bf9529d-87ef-425e-849a-7ccb6f76d9b1,vegacynthia@example.com
d7745f71-1a8d-4e6f-9a53-e2218dba2fd4,harveydawn@example.org
cb9604a3-73e4-486e-ac08-1de4e04a450c,robleswhitney@example.org
fd0043f4-4a3f-4e40-a8a4-3fddae8a7ca9,gregorywallace@example.com
eb8d514d-7c04-4413-bf53-da040db20233,kendra93@example.org
c3fa1ccf-17cb-4281-a7d1-eed112b9d3a6,jonesjeffrey@example.org
6ce272b3-6146-448e-bd67-3c5ec540b022,james42@example.net
460affd1-e432-4117-a2d4-b5000c0356c7,mflores@example.net
3227c4f6-0bc6-4848-8931-74105673e051,harry30@example.org
31df2def-46d1-471e-9212-add469df53f5,nathan36@example.com
5bda97d5-0407-4ba5-ae7c-f596f6a418b1,kathleenrosario@example.org
a0bfefae-4462-4924-85da-7b87239d0d4c,jamieparker@example.net
9779ec5a-1865-425e-9045-438408d985ef,tcarroll@example.org
806a4150-9a89-4566-a689-8727566efbbc,garciatara@example.com
c3579ee9-0bcb-4030-a4a6-55b37eba2830,chapmansarah@example.org
48c91ad9-3f47-47ae-9277-c426f9a7e7f8,jonesmatthew@example.net
f6bea00f-5605-4437-b837-7bde172eb763,luismcfarland@example.com
5ffe6c10-e678-44ab-bea9-e7a281508d17,jlee@example.net
f61f8a0f-a5db-4478-96ee-d04763cb413f,daniel71@example.org
71031b69-2ce1-4340-bd99-857b67ad16d4,gibsonjeanette@example.net
9c5e7cab-b2dd-4db8-9ecf-675824c2115a,phillipskeith@example.com
50a64eeb-7262-45b7-ac7b-4a29660ab4dc,georgemaldonado@example.com
ed6a73fb-4acd-4fe6-a59b-6be78843b1bb,zsoto@example.com
f41ad72d-48dd-4f40-ba95-5bcfd023b0a2,kevin91@example.net
32e364c5-b4cd-4ebb-8d8b-38646ce65812,michelleherrera@example.com
1f60feb2-b3ec-4aff-8a44-01a44588ca22,ymahoney@example.com
00a470ca-316e-4916-be01-073e625ef288,gentryjennifer@example.org
2caf271f-38e7-4947-b0c3-c0afc2d94c63,cynthiawoods@example.com
fea6134f-649d-4f82-b312-24ef6a0a4ce9,gutierrezjesse@example.net
7aa71fc3-14e8-4013-ba70-d39d0745d570,gomezyvonne@example.net
9a105e4d-6141-4f2b-9dfe-4ea70d1131cf,hmiller@example.com
43e87288-8c49-4709-b557-4dfd498d0cc9,emily62@example.net
23235bd8-cee0-4edb-8c20-dc758b82d4d1,fosterjason@example.net
a757f510-074d-4071-ace6-7fffa223681c,jacob82@example.org
69fdd9a1-3390-4960-84f5-efdd702b36eb,courtneycastro@example.org
6bd50091-8bc7-4b3a-9c25-3a8121df12d8,millermichele@example.com
0703021d-5a6a-415e-b580-870fca8cb6d7,ewoodard@example.net
47615d34-cb5b-4bd9-a98e-f7dccbd34c46,brian35@example.net
6fd5b4ad-5660-48cd-b85d-20415654808c,perryalicia@example.com
58501e15-bf6a-495c-8894-62a5dd3d8026,rebecca84@example.com
c36ab229-c17e-4f74-8aa1-96359a9e7a41,kempchad@example.net
f7c8a3e1-abef-4974-896c-23e6fe716e43,linda63@example.org
417fdb7d-bd13-4745-9bb2-301f30edf78b,gonzalezjanet@example.com
cfda339d-dc36-4055-a852-b73a3ca477c1,jessica70@example.org
b79f5f72-e4e4-416c-acb1-89df32cc948d,garrisonphillip@example.com
1f6fd83a-c270-41d9-a57b-cc5e68fca982,roygabrielle@example.org
a098df9d-b4e5-4de1-a564-dd0377d7b5f7,russelldorothy@example.com
6008b126-6573-4785-94f1-7c02df262264,jonestravis@example.net
423a5053-b949-42d4-82d6-dc28ce190fa2,makaylathomas@example.org
6ef1fd4b-b20b-4e14-be72-148f04af3f06,andreacaldwell@example.com
07a3c718-69cf-48b8-a2ab-bf37530ec95a,justin27@example.com
0f394479-9306-4d7c-8b63-d05119bcef5e,katie00@example.org
7aad5913-d0d7-4565-973a-f99505fc8ce2,mortega@example.org
63b249fe-b86e-4000-af44-97141310c8be,brownjamie@example.com
f3a0ca78-d166-44e3-8eb6-12e2a9420d4d,smorrow@example.com
e0975dca-4850-41d9-9980-0dfd84b330f2,lpatterson@example.org
e2bb5be8-5b7a-4dbc-8f68-ba7bb1fbbb34,williamsbrenda@example.org
55af15a9-168d-4133-9b21-4282c683bb4c,leblanclaura@example.com
8b9bdaf7-f188-4aef-bec9-ae9b45916345,qcontreras@example.org
0b3e4d0e-9b54-474d-9cf0-6ef95ef9e8db,willie26@example.com
4c3a6340-5dee-4908-97a6-71d3953267c8,obriencarla@example.com
e35b3268-1243-44b9-aab9-5dde24c64c07,jared90@example.net
f6a460ed-047b-4c6f-ad67-f2abd202e4d4,wesleymadden@example.net
a517c87d-86f6-48cd-9849-5b38af8bc5cc,xchan@example.net
55a7afd3-e13f-403e-9500-eefca415e0fc,lelliott@example.org
f4e8bfc3-d8e9-4b96-87c1-983541843772,joshuarobinson@example.com
d9aaabc1-f366-4929-b107-910ecb41c825,gonzalezabigail@example.net
e5d2058a-7b77-4bcb-96b3-9286ccd0be80,hdiaz@example.org
4a6f431a-15f0-4e86-be7b-8d09b3e9b198,andersonjennifer@example.com
855a61e0-9dba-4985-a5db-e0f2251336d5,melindalin@example.org
d8cef398-af6b-4476-a999-d5c3f5bcbd9e,esmall@example.org
abea81ba-2c77-4dc1-83ba-54654026d638,mitchellpamela@example.org
0bcd43f1-c910-41eb-aff3-76154680216f,angelicamorales@example.net
